,2013,2014,2015,2016,2017,2018,2019,2020,2021,2022,Average,Group
JPN,0.653,0.639,0.544,0.554,0.591,0.570,0.566,0.521,0.474,0.690,0.580,significant potential
NZL,0.515,0.572,0.583,0.652,0.619,0.608,0.626,0.609,0.584,0.828,0.619,significant potential
LAO,0.606,1.120,0.805,1.672,0.587,0.409,0.508,0.399,0.361,0.594,0.706,significant potential
KOR,0.773,0.819,0.718,0.764,0.794,0.744,0.805,0.738,0.691,1.049,0.789,significant potential
AUS,0.771,0.859,0.822,0.979,1.015,1.017,1.085,1.134,0.962,1.322,0.997,exploratory potential
SGP,1.054,1.050,0.976,0.944,0.906,0.857,0.975,0.975,0.612,1.033,0.938,exploratory potential
MYS,1.236,1.054,0.962,0.982,1.058,0.990,1.128,1.147,1.119,1.466,1.114,exploratory potential
IDN,1.124,1.330,1.057,1.104,1.067,1.136,1.175,1.003,1.046,1.332,1.137,exploratory potential
VNM,1.274,1.637,1.478,1.539,1.593,1.477,1.650,1.675,1.499,1.744,1.557,reconstructive potential
THA,1.335,1.578,1.570,1.766,1.638,1.512,1.543,1.641,1.719,2.453,1.676,reconstructive potential
PHL,1.226,1.517,1.474,1.916,1.956,1.838,2.001,1.858,1.802,2.243,1.783,reconstructive potential
